id,title,link,primary_topic,secondary_topic,confidence
7538,Is It Just Me? Or Does Business Sometimes Feel Like an MLM (Opinion),https://www.synnovatia.com/is-it-just-me-or-does-business-sometimes-feel-like-an-mlm-opinion/,Ownership & Entrepreneurship,,low
3356,Business Skills You Can Learn From Playing Hay Day,https://www.synnovatia.com/business-coaching-business-skills-you-can-learn-from-playing-hay-day/,Mindset & Resilience,Growth & Scaling,low
3367,The Most-Loved Downloads For Small Business Owners in 2015,https://www.synnovatia.com/business-coaching-the-most-loved-downloads-for-small-business-owners-in-2015/,Strategy & Planning,,low
3368,Reading List Reveals The Small Business Owners Interest in 2015,https://www.synnovatia.com/business-coaching-actions-small-business-owner-in-2015/,Strategy & Planning,,low
3385,How My 10 Year-Old Nephew Became My Business Coach,https://www.synnovatia.com/business-coaching-how-my-10-year-old-nephew-became-my-business-coach/,Ownership & Entrepreneurship,Mindset & Resilience,low
3412,A 2-Minute Guide to the ObamaCare Supreme Court Ruling,https://www.synnovatia.com/business-coaching-a-2-minute-guide-to-the-obamacare-supreme-court-ruling/,People & Partnerships,,low
3434,It’s Easy Being Green…,https://www.synnovatia.com/business-coaching-its-easy-being-green/,Ownership & Entrepreneurship,,low
3440,Let’s Celebrate Women Who Influence Our Small Business Achievements,https://www.synnovatia.com/business-coaching-celebrate-women-who-influence-small-business-achievements/,Ownership & Entrepreneurship,,low
3454,“Innie” or “Outie”: Why Knowing Matters To Your Small Business,https://www.synnovatia.com/business-coaching-innie-or-outie-why-knowing-matters-to-your-small-business/,Ownership & Entrepreneurship,,low
3473,Tools to Stay on Top of the Latest Small Business Tips & Trends,https://www.synnovatia.com/business-coaching-tools-to-stay-on-top-of-the-latest-small-business-tips-trends/,Strategy & Planning,,low
3489,The Small Business Owners Top Ten Blog Posts for 2014,https://www.synnovatia.com/business-coaching-small-business-owners-top-blog-posts-2014/,Sales & Marketing,,low
3499,Small Business Lessons From the Switchbacks of Los Angeles,https://www.synnovatia.com/business-coaching-bid-185450-small-business-lessons-from-the-switchbacks-of-los-angeles/,Mindset & Resilience,,low
3518,How Being “Old School” Helps Your Small Business Succeed,https://www.synnovatia.com/business-coaching-bid-183307-how-being-old-school-helps-your-small-business-succeed/,Strategy & Planning,,low
3525,What’s Your Small Business “App”titude?,https://www.synnovatia.com/business-coaching-bid-182922-what-s-your-small-business-app-titude/,Strategy & Planning,,low
3544,7 Tips Small Business Owners Use to Avoid “Egg On Their Face”,https://www.synnovatia.com/business-coaching-bid-161976-7-tips-small-business-owners-use-to-avoid-egg-on-their-face/,Mindset & Resilience,,low
3546,What the Farmers Almanac Can Teach Small Business About High-Yield Returns,https://www.synnovatia.com/business-coaching-bid-160801-what-the-farmers-almanac-can-teach-small-business-about-high-yield-returns/,Strategy & Planning,,low
3575,“What in the Sam Hill are the Minuses & Equals Doing in Your Business?”,https://www.synnovatia.com/business-coaching-bid-157112-what-in-the-sam-hill-are-the-minuses-equals-doing-in-your-business/,Mindset & Resilience,Strategy & Planning,low
3582,Solving the Age-Old Chicken or Egg” Problem for Small Business Owners”,https://www.synnovatia.com/business-coaching-bid-156786-solving-the-age-old-chicken-or-egg-problem-for-small-business-owners/,Strategy & Planning,,low
3601,Clean Your Plate! Things Your Mom Taught You About Small Business,https://www.synnovatia.com/business-coaching-bid-156209-clean-your-plate-things-your-mom-taught-you-about-small-business/,Mindset & Resilience,,low
3602,3 Common Beliefs Others Have About Your Home-Based Business,https://www.synnovatia.com/business-coaching-bid-156188-3-common-beliefs-others-have-about-your-home-based-business/,Ownership & Entrepreneurship,,low
3641,Got a Boat to Burn in Your Small Business? I’ve Got a Match!,https://www.synnovatia.com/business-coaching-bid-150115-got-a-boat-to-burn-in-your-small-business-i-ve-got-a-match/,Mindset & Resilience,,low
3642,The Icing on the Cake for Your Small Business,https://www.synnovatia.com/business-coaching-bid-149794-the-icing-on-the-cake-for-your-small-business/,Sales & Marketing,Strategy & Planning,low
3669,Is Your Small Business a Hollow Chocolate Easter Bunny?,https://www.synnovatia.com/business-coaching-bid-120516-is-your-small-business-a-hollow-chocolate-easter-bunny/,Growth & Scaling,Strategy & Planning,low
3689,7 Topics Entrepreneurs Want to Learn About,https://www.synnovatia.com/business-coaching-bid-141123-7-topics-entrepreneurs-want-to-learn-about/,Ownership & Entrepreneurship,,low
3693,6 Lessons Entrepreneurs Can Learn from Ron Johnson (Who’s Ron?),https://www.synnovatia.com/business-coaching-bid-138608-6-lessons-entrepreneurs-can-learn-from-ron-johnson-who-s-ron/,Ownership & Entrepreneurship,,low
3700,Entrepreneurs Use Improv to Improve Business Skills,https://www.synnovatia.com/business-coaching-bid-136723-entrepreneurs-use-improv-to-improve-business-skills/,Mindset & Resilience,Strategy & Planning,low
3703,An Entrepreneur’s Etch-A-Sketch Moment,https://www.synnovatia.com/business-coaching-bid-135964-an-entrepreneur-s-etch-a-sketch-moment/,Mindset & Resilience,Strategy & Planning,low
3714,The Dirty Little Secret Most Entrepreneurs Won’t Admit,https://www.synnovatia.com/business-coaching-bid-133775-the-dirty-little-secret-most-entrepreneurs-won-t-admit/,Growth & Scaling,,low
3717,The New Killer Email App for Entrepreneurs: YOU,https://www.synnovatia.com/business-coaching-bid-133366-the-new-killer-email-app-for-entrepreneurs-you/,Strategy & Planning,Mindset & Resilience,low
3718,Is Your Business Ready to Deliver?,https://www.synnovatia.com/business-coaching-bid-132990-is-your-business-ready-to-deliver/,Growth & Scaling,,low
3720,Are Flies” Gumming Up Your Business Growth?”,https://www.synnovatia.com/business-coaching-bid-132741-are-flies-gumming-up-your-business-growth/,Growth & Scaling,Strategy & Planning,low
3736,4 Things Entrepreneurs Can Learn from Howard Stern,https://www.synnovatia.com/business-coaching-bid-127339-4-things-entrepreneurs-can-learn-from-howard-stern/,Ownership & Entrepreneurship,,low
3738,Small Business Week Celebrates the Heart and Soul of the Economy,https://www.synnovatia.com/business-coaching-bid-126514-small-business-week-celebrates-the-heart-and-soul-of-the-economy/,Ownership & Entrepreneurship,,low
3774,The Essential To-Do List for First-Time Entrepreneurs,https://www.synnovatia.com/business-coaching-bid-85259-the-essential-to-do-list-for-first-time-entrepreneurs/,Strategy & Planning,,low
3775,Top Ten Things Entrepreneurs Can Learn from Women’s Soccer,https://www.synnovatia.com/business-coaching-bid-85192-top-ten-things-entrepreneurs-can-learn-from-women-s-soccer/,Mindset & Resilience,,low
3779,The Skill of Business,https://www.synnovatia.com/business-coaching-bid-72497-the-skill-of-business/,Ownership & Entrepreneurship,,low
3785,Yes You Can!,https://www.synnovatia.com/business-coaching-bid-72414-yes-you-can/,Mindset & Resilience,,low
3791,To Do or You Do?,https://www.synnovatia.com/business-coaching-bid-72504-to-do-or-you-do/,Strategy & Planning,,low
3796,Microenterprise Gets Access to Microloans,https://www.synnovatia.com/business-coaching-bid-72494-microenterprise-gets-access-to-microloans/,Strategy & Planning,,low
3799,Do You Need Disability Income Protection?,https://www.synnovatia.com/business-coaching-bid-72458-do-you-need-disability-income-protection/,Strategy & Planning,,low
3806,Alice in Wonderland Uses Strategic Coaching to Slay Jabberwocky,https://www.synnovatia.com/business-coaching-bid-72533-alice-in-wonderland-uses-strategic-coaching-to-slay-jabberwocky/,Ownership & Entrepreneurship,,low
3807,Plug In: Technology in Business,https://www.synnovatia.com/business-coaching-bid-72517-plug-in-technology-in-business/,Strategy & Planning,,low
