date,profile_views_90d,post_impressions_7d,followers,search_appearances_7d,social_engagements_7d,notes
2026-06-12,45,12,5771,81,,Baseline captured at DiB rebrand launch
2026-07-17,35,164,5770,43,,
2026-07-24,39,274,5768,64,13,Top post: 135 impressions / 5 engagements, re: client sitting on hiring decisions
2026-07-31,36,176,5771,43,,
2026-08-07,36,476,5769,32,21,Top post: back-in-school content
2026-08-08,36,589,5772,32,14,Top post: back-in-school content
2026-08-14,44,461,5772,34,18,
2026-08-17,,382,5773,,16,"Top post: ""I texted a client after hours"" (110 impressions/7 engagements, Wed 8/12). Started per-post/day-of-week tracking in post-performance.csv and daily-engagement.csv this week — see those for the cadence analysis."
2026-08-21,51,320,5777,11,14,"Top post: ""Most advisors specialize in one lane"" (78 impressions/1 engagement, Mon 8/17). Discovered this week that LinkedIn's Top Posts export reports activity within the report window, not lifetime totals per post — post-performance.csv now logs each export as a dated snapshot (export_period_start/end columns) instead of overwriting a post's row, so history isn't lost when a post's in-window numbers are lower than a prior week's. Also corrected 8/17 in daily-engagement.csv (81 impr/4 eng vs. 64/3 previously) — LinkedIn revises recent days as more data lands."
